SETOR ECONÔMICO;SUBSETOR;SEGMENTO;CÓDIGO;;
Petróleo, Gás e Biocombustíveis;Petróleo, Gás e Biocombustíveis;COSAN       ;CSAN;;
Petróleo, Gás e Biocombustíveis;Petróleo, Gás e Biocombustíveis;DOMMO;DMMO;;
Petróleo, Gás e Biocombustíveis;Petróleo, Gás e Biocombustíveis;ENAUTA PART;ENAT;;
Petróleo, Gás e Biocombustíveis;Petróleo, Gás e Biocombustíveis;PET MANGUINH;RPMG;;
Petróleo, Gás e Biocombustíveis;Petróleo, Gás e Biocombustíveis;PETROBRAS   ;PETR;;
Petróleo, Gás e Biocombustíveis;Petróleo, Gás e Biocombustíveis;PETROBRAS BR;BRDT;;
Petróleo, Gás e Biocombustíveis;Petróleo, Gás e Biocombustíveis;PETRORIO;PRIO;;
Petróleo, Gás e Biocombustíveis;Petróleo, Gás e Biocombustíveis;ULTRAPAR    ;UGPA;;
Petróleo, Gás e Biocombustíveis;Petróleo, Gás e Biocombustíveis;;;;
Petróleo, Gás e Biocombustíveis;Petróleo, Gás e Biocombustíveis;LUPATECH    ;LUPA;;
Petróleo, Gás e Biocombustíveis;Petróleo, Gás e Biocombustíveis;OSX BRASIL  ;OSXB;;
Materiais Básicos;Mineração;;;;
Materiais Básicos;Mineração;BRADESPAR   ;BRAP;;
Materiais Básicos;Mineração;LITEL       ;LTEL;;
Materiais Básicos;Mineração;LITELA;LTLA;;
Materiais Básicos;Mineração;MMX MINER   ;MMXM;;
Materiais Básicos;Mineração;VALE        ;VALE;;
Materiais Básicos;Siderurgia e Metalurgia;;;;
Materiais Básicos;Siderurgia e Metalurgia;FERBASA     ;FESA;;
Materiais Básicos;Siderurgia e Metalurgia;GERDAU      ;GGBR;;
Materiais Básicos;Siderurgia e Metalurgia;GERDAU MET  ;GOAU;;
Materiais Básicos;Siderurgia e Metalurgia;SID NACIONAL;CSNA;;
Materiais Básicos;Siderurgia e Metalurgia;USIMINAS    ;USIM;;
Materiais Básicos;Siderurgia e Metalurgia;;;;
Materiais Básicos;Siderurgia e Metalurgia;MANGELS INDL;MGEL;;
Materiais Básicos;Siderurgia e Metalurgia;PANATLANTICA;PATI;;
Materiais Básicos;Siderurgia e Metalurgia;TEKNO       ;TKNO;;
Materiais Básicos;Siderurgia e Metalurgia;;;;
Materiais Básicos;Siderurgia e Metalurgia;PARANAPANEMA;PMAM;;
Materiais Básicos;Químicos;;;;
Materiais Básicos;Químicos;BRASKEM     ;BRKM;;
Materiais Básicos;Químicos;ELEKEIROZ   ;ELEK;;
Materiais Básicos;Químicos;GPC PART    ;GPCP;;
Materiais Básicos;Químicos;;;;
Materiais Básicos;Químicos;FER HERINGER;FHER;;
Materiais Básicos;Químicos;NUTRIPLANT  ;NUTR;;
Materiais Básicos;Químicos;;;;
Materiais Básicos;Químicos;CRISTAL;CRPG;;
Materiais Básicos;Químicos;UNIPAR      ;UNIP;;
Materiais Básicos;Madeira e Papel;;;;
Materiais Básicos;Madeira e Papel;DURATEX     ;DTEX;;
Materiais Básicos;Madeira e Papel;EUCATEX     ;EUCA;;
Materiais Básicos;Madeira e Papel;;;;
Materiais Básicos;Madeira e Papel;IRANI ;RANI;;
Materiais Básicos;Madeira e Papel;KLABIN S/A  ;KLBN;;
Materiais Básicos;Madeira e Papel;MELHOR SP   ;MSPA;;
Materiais Básicos;Madeira e Papel;SANTHER     ;STTZ;;
Materiais Básicos;Madeira e Papel;SUZANO HOLD ;NEMO;;
Materiais Básicos;Madeira e Papel;SUZANO S.A.;SUZB;;
Materiais Básicos;Embalagens;;;;
Materiais Básicos;Embalagens;METAL IGUACU;MTIG;;
Materiais Básicos;Materiais Diversos;;;;
Materiais Básicos;Materiais Diversos;SANSUY      ;SNSY;;
Bens Industriais;Construção e Engenharia;;;;
Bens Industriais;Construção e Engenharia;ETERNIT     ;ETER;;
Bens Industriais;Construção e Engenharia;HAGA S/A    ;HAGA;;
Bens Industriais;Construção e Engenharia;PORTOBELLO  ;PTBL;;
Bens Industriais;Construção e Engenharia;;;;
Bens Industriais;Construção e Engenharia;AZEVEDO     ;AZEV;;
Bens Industriais;Construção e Engenharia;;;;
Bens Industriais;Construção e Engenharia;SONDOTECNICA;SOND;;
Bens Industriais;Construção e Engenharia;TECNOSOLO   ;TCNO;;
Bens Industriais;Construção e Engenharia;;;;
Bens Industriais;Construção e Engenharia;MILLS       ;MILS;;
Bens Industriais;Material de Transporte;;;;
Bens Industriais;Material de Transporte;EMBRAER     ;EMBR;;
Bens Industriais;Material de Transporte;;;;
Bens Industriais;Material de Transporte;FRAS-LE     ;FRAS;;
Bens Industriais;Material de Transporte;MARCOPOLO   ;POMO;;
Bens Industriais;Material de Transporte;RANDON PART ;RAPT;;
Bens Industriais;Material de Transporte;RECRUSUL    ;RCSL;;
Bens Industriais;Material de Transporte;RIOSULENSE  ;RSUL;;
Bens Industriais;Material de Transporte;TUPY        ;TUPY;;
Bens Industriais;Material de Transporte;WETZEL S/A  ;MWET;;
Bens Industriais;Máquinas e Equipamentos;;;;
Bens Industriais;Máquinas e Equipamentos;SCHULZ      ;SHUL;;
Bens Industriais;Máquinas e Equipamentos;WEG         ;WEGE;;
Bens Industriais;Máquinas e Equipamentos;;;;
Bens Industriais;Máquinas e Equipamentos;ACO ALTONA  ;EALT;;
Bens Industriais;Máquinas e Equipamentos;BARDELLA    ;BDLL;;
Bens Industriais;Máquinas e Equipamentos;INDS ROMI   ;ROMI;;
Bens Industriais;Máquinas e Equipamentos;INEPAR      ;INEP;;
Bens Industriais;Máquinas e Equipamentos;KEPLER WEBER;KEPL;;
Bens Industriais;Máquinas e Equipamentos;METALFRIO   ;FRIO;;
Bens Industriais;Máquinas e Equipamentos;NORDON MET  ;NORD;;
Bens Industriais;Máquinas e Equipamentos;PRATICA;PTCA;;
Bens Industriais;Máquinas e Equipamentos;;;;
Bens Industriais;Máquinas e Equipamentos;METISA      ;MTSA;;
Bens Industriais;Máquinas e Equipamentos;STARA;STTR;;
Bens Industriais;Máquinas e Equipamentos;;;;
Bens Industriais;Máquinas e Equipamentos;TAURUS ARMAS;TASA;;
Bens Industriais;Transporte;;;;
Bens Industriais;Transporte;AZUL;AZUL;;
Bens Industriais;Transporte;GOL         ;GOLL;;
Bens Industriais;Transporte;;;;
Bens Industriais;Transporte;ALL NORTE   ;FRRN;;
Bens Industriais;Transporte;ALL PAULISTA;GASC;;
Bens Industriais;Transporte;COSAN LOG;RLOG;;
Bens Industriais;Transporte;FER C ATLANT;VSPT;;
Bens Industriais;Transporte;MRS LOGIST  ;MRSA;;
Bens Industriais;Transporte;RUMO S.A.;RAIL;;
Bens Industriais;Transporte;;;;
Bens Industriais;Transporte;LOG-IN      ;LOGN;;
Bens Industriais;Transporte;TREVISA     ;LUXM;;
Bens Industriais;Transporte;;;;
Bens Industriais;Transporte;JSL         ;JSLG;;
Bens Industriais;Transporte;TEGMA       ;TGMA;;
Bens Industriais;Transporte;;;;
Bens Industriais;Transporte;AUTOBAN     ;ANHB;;
Bens Industriais;Transporte;CCR SA      ;CCRO;;
Bens Industriais;Transporte;CONC RAPOSO ;RPTA;;
Bens Industriais;Transporte;CONC RIO TER;CRTE;;
Bens Industriais;Transporte;ECON        ;ERDV;;
Bens Industriais;Transporte;ECONORTE    ;ECNT;;
Bens Industriais;Transporte;ECOPISTAS   ;ASCP;;
Bens Industriais;Transporte;ECORODOVIAS ;ECOR;;
Bens Industriais;Transporte;ECOVIAS     ;ECOV;;
Bens Industriais;Transporte;ROD COLINAS ;COLN;;
Bens Industriais;Transporte;ROD TIETE   ;RDVT;;
Bens Industriais;Transporte;RT BANDEIRAS;CRBD;;
Bens Industriais;Transporte;TRIANGULOSOL;TRIA;;
Bens Industriais;Transporte;TRIUNFO PART;TPIS;;
Bens Industriais;Transporte;VIAOESTE    ;VOES;;
Bens Industriais;Transporte;;;;
Bens Industriais;Transporte;GRUAIRPORT;AGRU;;
Bens Industriais;Transporte;PORTO VM;PSVM;;
Bens Industriais;Transporte;INVEPAR     ;IVPR;;
Bens Industriais;Transporte;SALUS INFRA;SAIP;;
Bens Industriais;Transporte;SANTOS BRP  ;STBP;;
Bens Industriais;Transporte;WILSON SONS ;WSON;;
Bens Industriais;Serviços Diversos;;;;
Bens Industriais;Serviços Diversos;ATMASA;ATMP;;
Bens Industriais;Serviços Diversos;BBMLOGISTICA;BBML;;
Bens Industriais;Serviços Diversos;CSU CARDSYST;CARD;;
Bens Industriais;Serviços Diversos;DTCOM-DIRECT;DTCY;;
Bens Industriais;Serviços Diversos;FLEX S/A;FLEX;;
Bens Industriais;Serviços Diversos;PRINER;PRNR;;
Bens Industriais;Serviços Diversos;VALID       ;VLID;;
Bens Industriais;Comércio;;;;
Bens Industriais;Comércio;BATTISTELLA ;BTTL;;
Bens Industriais;Comércio;MINASMAQUINA;MMAQ;;
Bens Industriais;Comércio;WLM IND COM ;WLMM;;
Consumo não Cíclico;Agropecuária;;;;
Consumo não Cíclico;Agropecuária;ALIPERTI    ;APTI;;
Consumo não Cíclico;Agropecuária;BRASILAGRO  ;AGRO;;
Consumo não Cíclico;Agropecuária;POMIFRUTAS;FRTA;;
Consumo não Cíclico;Agropecuária;SLC AGRICOLA;SLCE;;
Consumo não Cíclico;Agropecuária;TERRA SANTA;TESA;;
Consumo não Cíclico;Alimentos Processados;;;;
Consumo não Cíclico;Alimentos Processados;BIOSEV;BSEV;;
Consumo não Cíclico;Alimentos Processados;RAIZEN ENERG;RESA;;
Consumo não Cíclico;Alimentos Processados;SAO MARTINHO;SMTO;;
Consumo não Cíclico;Alimentos Processados;;;;
Consumo não Cíclico;Alimentos Processados;BRF SA   ;BRFS;;
Consumo não Cíclico;Alimentos Processados;EXCELSIOR   ;BAUH;;
Consumo não Cíclico;Alimentos Processados;JBS         ;JBSS;;
Consumo não Cíclico;Alimentos Processados;MARFRIG     ;MRFG;;
Consumo não Cíclico;Alimentos Processados;MINERVA     ;BEEF;;
Consumo não Cíclico;Alimentos Processados;MINUPAR     ;MNPR;;
Consumo não Cíclico;Alimentos Processados;;;;
Consumo não Cíclico;Alimentos Processados;CAMIL;CAML;;
Consumo não Cíclico;Alimentos Processados;J.MACEDO    ;JMCD;;
Consumo não Cíclico;Alimentos Processados;JOSAPAR     ;JOPA;;
Consumo não Cíclico;Alimentos Processados;M.DIASBRANCO;MDIA;;
Consumo não Cíclico;Alimentos Processados;ODERICH     ;ODER;;
Consumo não Cíclico;Bebidas;;;;
Consumo não Cíclico;Bebidas;AMBEV S/A;ABEV;;
Consumo não Cíclico;Produtos de Uso Pessoal e de Limpeza;;;;
Consumo não Cíclico;Produtos de Uso Pessoal e de Limpeza;GRUPO NATURA      ;NTCO;;
Consumo não Cíclico;Produtos de Uso Pessoal e de Limpeza;;;;
Consumo não Cíclico;Produtos de Uso Pessoal e de Limpeza;BOMBRIL     ;BOBR;;
Consumo não Cíclico;Comércio e Distribuição;;;;
Consumo não Cíclico;Comércio e Distribuição;CARREFOUR BR;CRFB;;
Consumo não Cíclico;Comércio e Distribuição;P.ACUCAR-CBD;PCAR;;
Consumo Cíclico;Construção Civil;;;;
Consumo Cíclico;Construção Civil;CONST A LIND;CALI;;
Consumo Cíclico;Construção Civil;CR2         ;CRDE;;
Consumo Cíclico;Construção Civil;CYRELA REALT;CYRE;;
Consumo Cíclico;Construção Civil;DIRECIONAL  ;DIRR;;
Consumo Cíclico;Construção Civil;EVEN        ;EVEN;;
Consumo Cíclico;Construção Civil;EZTEC       ;EZTC;;
Consumo Cíclico;Construção Civil;GAFISA      ;GFSA;;
Consumo Cíclico;Construção Civil;HELBOR      ;HBOR;;
Consumo Cíclico;Construção Civil;INTER SA ;INNT;;
Consumo Cíclico;Construção Civil;JHSF PART   ;JHSF;;
Consumo Cíclico;Construção Civil;JOAO FORTES ;JFEN;;
Consumo Cíclico;Construção Civil;MITRE REALTY;MTRE;;
Consumo Cíclico;Construção Civil;MOURA DUBEUX;MDNE;;
Consumo Cíclico;Construção Civil;MRV         ;MRVE;;
Consumo Cíclico;Construção Civil;PDG REALT   ;PDGR;;
Consumo Cíclico;Construção Civil;RNI;RDNI;;
Consumo Cíclico;Construção Civil;ROSSI RESID ;RSID;;
Consumo Cíclico;Construção Civil;TECNISA     ;TCSA;;
Consumo Cíclico;Construção Civil;TENDA;TEND;;
Consumo Cíclico;Construção Civil;TRISUL      ;TRIS;;
Consumo Cíclico;Construção Civil;VIVER       ;VIVR;;
Consumo Cíclico;Tecidos, Vestuário e Calçados;;;;
Consumo Cíclico;Tecidos, Vestuário e Calçados;CEDRO       ;CEDO;;
Consumo Cíclico;Tecidos, Vestuário e Calçados;COTEMINAS   ;CTNM;;
Consumo Cíclico;Tecidos, Vestuário e Calçados;DOHLER      ;DOHL;;
Consumo Cíclico;Tecidos, Vestuário e Calçados;ENCORPAR    ;ECPR;;
Consumo Cíclico;Tecidos, Vestuário e Calçados;IND CATAGUAS;CATA;;
Consumo Cíclico;Tecidos, Vestuário e Calçados;KARSTEN     ;CTKA;;
Consumo Cíclico;Tecidos, Vestuário e Calçados;PETTENATI   ;PTNT;;
Consumo Cíclico;Tecidos, Vestuário e Calçados;SANTANENSE  ;CTSA;;
Consumo Cíclico;Tecidos, Vestuário e Calçados;SPRINGS     ;SGPS;;
Consumo Cíclico;Tecidos, Vestuário e Calçados;TEKA        ;TEKA;;
Consumo Cíclico;Tecidos, Vestuário e Calçados;TEX RENAUX  ;TXRX;;
Consumo Cíclico;Tecidos, Vestuário e Calçados;;;;
Consumo Cíclico;Tecidos, Vestuário e Calçados;CIA HERING  ;HGTX;;
Consumo Cíclico;Tecidos, Vestuário e Calçados;;;;
Consumo Cíclico;Tecidos, Vestuário e Calçados;ALPARGATAS  ;ALPA;;
Consumo Cíclico;Tecidos, Vestuário e Calçados;CAMBUCI     ;CAMB;;
Consumo Cíclico;Tecidos, Vestuário e Calçados;GRENDENE    ;GRND;;
Consumo Cíclico;Tecidos, Vestuário e Calçados;VULCABRAS   ;VULC;;
Consumo Cíclico;Tecidos, Vestuário e Calçados;;;;
Consumo Cíclico;Tecidos, Vestuário e Calçados;MUNDIAL     ;MNDL;;
Consumo Cíclico;Tecidos, Vestuário e Calçados;TECHNOS     ;TECN;;
Consumo Cíclico;Tecidos, Vestuário e Calçados;VIVARA S.A.;VIVA;;
Consumo Cíclico;Utilidades Domésticas;;;;
Consumo Cíclico;Utilidades Domésticas;WHIRLPOOL   ;WHRL;;
Consumo Cíclico;Utilidades Domésticas;;;;
Consumo Cíclico;Utilidades Domésticas;UNICASA;UCAS;;
Consumo Cíclico;Utilidades Domésticas;;;;
Consumo Cíclico;Utilidades Domésticas;HERCULES    ;HETA;;
Consumo Cíclico;Utilidades Domésticas;NADIR FIGUEI;NAFG;;
Consumo Cíclico;Automóveis e Motocicletas;;;;
Consumo Cíclico;Automóveis e Motocicletas;IOCHP-MAXION;MYPK;;
Consumo Cíclico;Automóveis e Motocicletas;METAL LEVE  ;LEVE;;
Consumo Cíclico;Automóveis e Motocicletas;PLASCAR PART;PLAS;;
Consumo Cíclico;Hoteis e Restaurantes;;;;
Consumo Cíclico;Hoteis e Restaurantes;HOTEIS OTHON;HOOT;;
Consumo Cíclico;Hoteis e Restaurantes;;;;
Consumo Cíclico;Hoteis e Restaurantes;BK BRASIL;BKBR;;
Consumo Cíclico;Hoteis e Restaurantes;IMC S/A;MEAL;;
Consumo Cíclico;Viagens e Lazer;;;;
Consumo Cíclico;Viagens e Lazer;BIC MONARK  ;BMKS;;
Consumo Cíclico;Viagens e Lazer;;;;
Consumo Cíclico;Viagens e Lazer;ESTRELA     ;ESTR;;
Consumo Cíclico;Viagens e Lazer;;;;
Consumo Cíclico;Viagens e Lazer;SPTURIS     ;AHEB;;
Consumo Cíclico;Viagens e Lazer;TIME FOR FUN;SHOW;;
Consumo Cíclico;Viagens e Lazer;;;;
Consumo Cíclico;Viagens e Lazer;CVC BRASIL;CVCB;;
Consumo Cíclico;Viagens e Lazer;;;;
Consumo Cíclico;Viagens e Lazer;SMART FIT;SMFT;;
Consumo Cíclico;Diversos;;;;
Consumo Cíclico;Diversos;ANIMA;ANIM;;
Consumo Cíclico;Diversos;BAHEMA      ;BAHI;;
Consumo Cíclico;Diversos;COGNA ON;COGN;;
Consumo Cíclico;Diversos;SER EDUCA;SEER;;
Consumo Cíclico;Diversos;YDUQS PART;YDUQ;;
Consumo Cíclico;Diversos;;;;
Consumo Cíclico;Diversos;LOCALIZA    ;RENT;;
Consumo Cíclico;Diversos;LOCAMERICA;LCAM;;
Consumo Cíclico;Diversos;MAESTROLOC;MSRO;;
Consumo Cíclico;Diversos;MOVIDA;MOVI;;
Consumo Cíclico;Diversos;UNIDAS      ;UNID;;
Consumo Cíclico;Diversos;;;;
Consumo Cíclico;Diversos;SMILES;SMLS;;
Consumo Cíclico;Comércio;;;;
Consumo Cíclico;Comércio;AREZZO CO   ;ARZZ;;
Consumo Cíclico;Comércio;CEA MODAS;CEAB;;
Consumo Cíclico;Comércio;GRAZZIOTIN  ;CGRA;;
Consumo Cíclico;Comércio;GUARARAPES  ;GUAR;;
Consumo Cíclico;Comércio;LE LIS BLANC;LLIS;;
Consumo Cíclico;Comércio;LOJAS MARISA;AMAR;;
Consumo Cíclico;Comércio;LOJAS RENNER;LREN;;
Consumo Cíclico;Comércio;;;;
Consumo Cíclico;Comércio;MAGAZ LUIZA ;MGLU;;
Consumo Cíclico;Comércio;VIAVAREJO;VVAR;;
Consumo Cíclico;Comércio;;;;
Consumo Cíclico;Comércio;B2W DIGITAL;BTOW;;
Consumo Cíclico;Comércio;CENTAURO;CNTO;;
Consumo Cíclico;Comércio;LOJAS AMERIC;LAME;;
Consumo Cíclico;Comércio;SARAIVA LIVR;SLED;;
Saúde;Medicamentos e Outros Produtos;;;;
Saúde;Medicamentos e Outros Produtos;BIOMM       ;BIOM;;
Saúde;Medicamentos e Outros Produtos;BIOTOSCANA;GBIO;;
Saúde;Medicamentos e Outros Produtos;NORTCQUIMICA;NRTQ;;
Saúde;Medicamentos e Outros Produtos;OUROFINO S/A;OFSA;;
Saúde;Serviços Médico - Hospitalares,;;;;
Saúde;Análises e Diagnósticos;;;;
Saúde;Análises e Diagnósticos;ADVANCED-DH;ADHM;;
Saúde;Análises e Diagnósticos;ALLIAR;AALR;;
Saúde;Análises e Diagnósticos;DASA        ;DASA;;
Saúde;Análises e Diagnósticos;FLEURY      ;FLRY;;
Saúde;Análises e Diagnósticos;HAPVIDA;HAPV;;
Saúde;Análises e Diagnósticos;IHPARDINI;PARD;;
Saúde;Análises e Diagnósticos;INTERMEDICA;GNDI;;
Saúde;Análises e Diagnósticos;ODONTOPREV  ;ODPV;;
Saúde;Análises e Diagnósticos;QUALICORP   ;QUAL;;
Saúde;Equipamentos;;;;
Saúde;Equipamentos;BAUMER      ;BALM;;
Saúde;Equipamentos;LIFEMED;LMED;;
Saúde;Comércio e Distribuição;;;;
Saúde;Comércio e Distribuição;DIMED       ;PNVL;;
Saúde;Comércio e Distribuição;HYPERA;HYPE;;
Saúde;Comércio e Distribuição;PROFARMA    ;PFRM;;
Saúde;Comércio e Distribuição;RAIADROGASIL    ;RADL;;
Tecnologia da Informação;Computadores e Equipamentos;;;;
Tecnologia da Informação;Computadores e Equipamentos;POSITIVO TEC;POSI;;
Tecnologia da Informação;Programas e Serviços;;;;
Tecnologia da Informação;Programas e Serviços;BRQ;BRQB;;
Tecnologia da Informação;Programas e Serviços;LINX;LINX;;
Tecnologia da Informação;Programas e Serviços;LOCAWEB;LWSA;;
Tecnologia da Informação;Programas e Serviços;QUALITY SOFT;QUSW;;
Tecnologia da Informação;Programas e Serviços;SINQIA;SQIA;;
Tecnologia da Informação;Programas e Serviços;TOTVS       ;TOTS;;
Comunicações;Telecomunicações;;;;
Comunicações;Telecomunicações;ALGAR TELEC;ALGT;;
Comunicações;Telecomunicações;OI;OIBR;;
Comunicações;Telecomunicações;TELEBRAS    ;TELB;;
Comunicações;Telecomunicações;TELEF BRASIL;VIVT;;
Comunicações;Telecomunicações;TIM PART S/A;TIMP;;
Comunicações;Mídia;;;;
Comunicações;Mídia;CINESYSTEM;CNSY;;
Utilidade Pública;Energia Elétrica;;;;
Utilidade Pública;Energia Elétrica;AES SUL     ;AESL;;
Utilidade Pública;Energia Elétrica;AES TIETE E;TIET;;
Utilidade Pública;Energia Elétrica;AFLUENTE T  ;AFLT;;
Utilidade Pública;Energia Elétrica;ALUPAR;ALUP;;
Utilidade Pública;Energia Elétrica;AMPLA ENERG ;CBEE;;
Utilidade Pública;Energia Elétrica;CACHOEIRA;CPTE;;
Utilidade Pública;Energia Elétrica;CEB         ;CEBR;;
Utilidade Pública;Energia Elétrica;CEEE-D      ;CEED;;
Utilidade Pública;Energia Elétrica;CEEE-GT     ;EEEL;;
Utilidade Pública;Energia Elétrica;CELESC      ;CLSC;;
Utilidade Pública;Energia Elétrica;CELGPAR     ;GPAR;;
Utilidade Pública;Energia Elétrica;CELPE       ;CEPE;;
Utilidade Pública;Energia Elétrica;CEMIG       ;CMIG;;
Utilidade Pública;Energia Elétrica;CEMIG DIST  ;CMGD;;
Utilidade Pública;Energia Elétrica;CEMIG GT    ;CMGT;;
Utilidade Pública;Energia Elétrica;CESP        ;CESP;;
Utilidade Pública;Energia Elétrica;COELBA      ;CEEB;;
Utilidade Pública;Energia Elétrica;COELCE      ;COCE;;
Utilidade Pública;Energia Elétrica;COPEL       ;CPLE;;
Utilidade Pública;Energia Elétrica;COSERN      ;CSRN;;
Utilidade Pública;Energia Elétrica;CPFL ENERGIA;CPFE;;
Utilidade Pública;Energia Elétrica;CPFL GERACAO;CPFG;;
Utilidade Pública;Energia Elétrica;CPFL PIRATIN;CPFP;;
Utilidade Pública;Energia Elétrica;CPFL RENOVAV;CPRE;;
Utilidade Pública;Energia Elétrica;EBE         ;EBEN;;
Utilidade Pública;Energia Elétrica;ELEKTRO     ;EKTR;;
Utilidade Pública;Energia Elétrica;ELETROBRAS  ;ELET;;
Utilidade Pública;Energia Elétrica;ELETROPAR   ;LIPR;;
Utilidade Pública;Energia Elétrica;EMAE        ;EMAE;;
Utilidade Pública;Energia Elétrica;ENERGIAS BR ;ENBR;;
Utilidade Pública;Energia Elétrica;ENERGISA    ;ENGI;;
Utilidade Pública;Energia Elétrica;ENERGISA MT;ENMT;;
Utilidade Pública;Energia Elétrica;ENERSUL     ;ENER;;
Utilidade Pública;Energia Elétrica;ENEVA;ENEV;;
Utilidade Pública;Energia Elétrica;ENGIE BRASIL;EGIE;;
Utilidade Pública;Energia Elétrica;EQTL PARA;EQPA;;
Utilidade Pública;Energia Elétrica;EQTLMARANHAO;EQMA;;
Utilidade Pública;Energia Elétrica;EQUATORIAL  ;EQTL;;
Utilidade Pública;Energia Elétrica;ESCELSA     ;ESCE;;
Utilidade Pública;Energia Elétrica;FGENERGIA;FGEN;;
Utilidade Pública;Energia Elétrica;GER PARANAP ;GEPA;;
Utilidade Pública;Energia Elétrica;ITAPEBI     ;ITPB;;
Utilidade Pública;Energia Elétrica;LIGHT       ;LIGH;;
Utilidade Pública;Energia Elétrica;LIGHT S/A   ;LIGT;;
Utilidade Pública;Energia Elétrica;NEOENERGIA  ;NEOE;;
Utilidade Pública;Energia Elétrica;OMEGA GER;OMGE;;
Utilidade Pública;Energia Elétrica;PAUL F LUZ  ;PALF;;
Utilidade Pública;Energia Elétrica;PROMAN      ;PRMN;;
Utilidade Pública;Energia Elétrica;REDE ENERGIA;REDE;;
Utilidade Pública;Energia Elétrica;RENOVA      ;RNEW;;
Utilidade Pública;Energia Elétrica;STATKRAFT;STKF;;
Utilidade Pública;Energia Elétrica;STO ANTONIO;STEN;;
Utilidade Pública;Energia Elétrica;TAESA       ;TAEE;;
Utilidade Pública;Energia Elétrica;TERMOPE     ;TMPE;;
Utilidade Pública;Energia Elétrica;TERM. PE III;TEPE;;
Utilidade Pública;Energia Elétrica;TRAN PAULIST;TRPL;;
Utilidade Pública;Energia Elétrica;UPTICK      ;UPKP;;
Utilidade Pública;Água e Saneamento;;;;
Utilidade Pública;Água e Saneamento;CASAN       ;CASN;;
Utilidade Pública;Água e Saneamento;COPASA      ;CSMG;;
Utilidade Pública;Água e Saneamento;IGUA SA  ;IGSN;;
Utilidade Pública;Água e Saneamento;SABESP      ;SBSP;;
Utilidade Pública;Água e Saneamento;SANEPAR     ;SAPR;;
Utilidade Pública;Água e Saneamento;SANESALTO   ;SNST;;
Utilidade Pública;Gás;;;;
Utilidade Pública;Gás;CEG         ;CEGR;;
Utilidade Pública;Gás;COMGAS      ;CGAS;;
Financeiro;Intermediários Financeiros;;;;
Financeiro;Intermediários Financeiros;ABC BRASIL  ;ABCB;;
Financeiro;Intermediários Financeiros;ALFA HOLDING;RPAD;;
Financeiro;Intermediários Financeiros;ALFA INVEST ;BRIV;;
Financeiro;Intermediários Financeiros;AMAZONIA    ;BAZA;;
Financeiro;Intermediários Financeiros;BANCO BMG;BMGB;;
Financeiro;Intermediários Financeiros;BANCO INTER;BIDI;;
Financeiro;Intermediários Financeiros;BANCO PAN;BPAN;;
Financeiro;Intermediários Financeiros;BANESE      ;BGIP;;
Financeiro;Intermediários Financeiros;BANESTES    ;BEES;;
Financeiro;Intermediários Financeiros;BANPARA     ;BPAR;;
Financeiro;Intermediários Financeiros;BANRISUL    ;BRSR;;
Financeiro;Intermediários Financeiros;BRADESCO    ;BBDC;;
Financeiro;Intermediários Financeiros;BRASIL      ;BBAS;;
Financeiro;Intermediários Financeiros;BRB BANCO   ;BSLI;;
Financeiro;Intermediários Financeiros;BTGP BANCO;BPAC;;
Financeiro;Intermediários Financeiros;INDUSVAL    ;IDVL;;
Financeiro;Intermediários Financeiros;ITAUSA      ;ITSA;;
Financeiro;Intermediários Financeiros;ITAUUNIBANCO;ITUB;;
Financeiro;Intermediários Financeiros;MERC BRASIL ;BMEB;;
Financeiro;Intermediários Financeiros;MERC INVEST ;BMIN;;
Financeiro;Intermediários Financeiros;NORD BRASIL ;BNBR;;
Financeiro;Intermediários Financeiros;PARANA      ;PRBC;;
Financeiro;Intermediários Financeiros;PINE        ;PINE;;
Financeiro;Intermediários Financeiros;SANTANDER BR;SANB;;
Financeiro;Intermediários Financeiros;;;;
Financeiro;Intermediários Financeiros;ALFA FINANC ;CRIV;;
Financeiro;Intermediários Financeiros;FINANSINOS  ;FNCN;;
Financeiro;Intermediários Financeiros;MERC FINANC ;MERC;;
Financeiro;Intermediários Financeiros;;;;
Financeiro;Intermediários Financeiros;BRADESCO LSG;BDLS;;
Financeiro;Intermediários Financeiros;BV LEASING  ;BVLS;;
Financeiro;Intermediários Financeiros;DIBENS LSG  ;DBEN;;
Financeiro;Securitizadoras de Recebíveis;;;;
Financeiro;Securitizadoras de Recebíveis;BRAZIL REALT;BZRS;;
Financeiro;Securitizadoras de Recebíveis;BRAZILIAN SC;BSCS;;
Financeiro;Securitizadoras de Recebíveis;BRC SECURIT ;BRCS;;
Financeiro;Securitizadoras de Recebíveis;BRPR 56 SEC;WTVR;;
Financeiro;Securitizadoras de Recebíveis;CIBRASEC;CBSC;;
Financeiro;Securitizadoras de Recebíveis;ECO SEC AGRO;ECOA;;
Financeiro;Securitizadoras de Recebíveis;GAIA AGRO   ;GAFL;;
Financeiro;Securitizadoras de Recebíveis;GAIA SECURIT;GAIA;;
Financeiro;Securitizadoras de Recebíveis;OCTANTE SEC;OCTS;;
Financeiro;Securitizadoras de Recebíveis;PDG SECURIT ;PDGS;;
Financeiro;Securitizadoras de Recebíveis;POLO CAP SEC;PLSC;;
Financeiro;Securitizadoras de Recebíveis;RBCAPITALRES;RBRA;;
Financeiro;Securitizadoras de Recebíveis;TRUESEC;APCS;;
Financeiro;Securitizadoras de Recebíveis;VERTCIASEC;VERT;;
Financeiro;Securitizadoras de Recebíveis;WTORRE PIC  ;WTPI;;
Financeiro;Serviços Financeiros Diversos;;;;
Financeiro;Serviços Financeiros Diversos;BNDESPAR    ;BNDP;;
Financeiro;Serviços Financeiros Diversos;BRAZILIAN FR;BFRE;;
Financeiro;Serviços Financeiros Diversos;GP INVEST   ;GPIV;;
Financeiro;Serviços Financeiros Diversos;IDEIASNET   ;IDNT;;
Financeiro;Serviços Financeiros Diversos;PPLA;PPLA;;
Financeiro;Serviços Financeiros Diversos;;;;
Financeiro;Serviços Financeiros Diversos;B3 ;B3SA;;
Financeiro;Serviços Financeiros Diversos;CIELO       ;CIEL;;
Financeiro;Previdência e Seguros;;;;
Financeiro;Previdência e Seguros;ALFA CONSORC;BRGE;;
Financeiro;Previdência e Seguros;BBSEGURIDADE;BBSE;;
Financeiro;Previdência e Seguros;IRBBRASIL RE;IRBR;;
Financeiro;Previdência e Seguros;PORTO SEGURO;PSSA;;
Financeiro;Previdência e Seguros;SEG AL BAHIA;CSAB;;
Financeiro;Previdência e Seguros;SUL AMERICA ;SULA;;
Financeiro;Previdência e Seguros;;;;
Financeiro;Previdência e Seguros;ALPER S.A.;APER;;
Financeiro;Previdência e Seguros;WIZ S.A.;WIZS;;
Financeiro;Exploração de Imóveis;;;;
Financeiro;Exploração de Imóveis;ALIANSCSONAE;ALSO;;
Financeiro;Exploração de Imóveis;BR MALLS PAR;BRML;;
Financeiro;Exploração de Imóveis;BR PROPERT  ;BRPR;;
Financeiro;Exploração de Imóveis;COR RIBEIRO ;CORR;;
Financeiro;Exploração de Imóveis;CYRE COM-CCP;CCPR;;
Financeiro;Exploração de Imóveis;GENERALSHOPP;GSHP;;
Financeiro;Exploração de Imóveis;HABITASUL   ;HBTS;;
Financeiro;Exploração de Imóveis;IGB S/A     ;IGBR;;
Financeiro;Exploração de Imóveis;IGUATEMI    ;IGTA;;
Financeiro;Exploração de Imóveis;JEREISSATI  ;JPSA;;
Financeiro;Exploração de Imóveis;LOG COM PROP;LOGG;;
Financeiro;Exploração de Imóveis;MENEZES CORT;MNZC;;
Financeiro;Exploração de Imóveis;MULTIPLAN   ;MULT;;
Financeiro;Exploração de Imóveis;SAO CARLOS  ;SCAR;;
Financeiro;Exploração de Imóveis;;;;
Financeiro;Exploração de Imóveis;BR BROKERS  ;BBRK;;
Financeiro;Exploração de Imóveis;LOPES BRASIL;LPSB;;
Financeiro;Holdings Diversificadas;;;;
Financeiro;Holdings Diversificadas;MONT ARANHA ;MOAR;;
Financeiro;Holdings Diversificadas;PAR AL BAHIA;PEAB;;
Financeiro;Holdings Diversificadas;SPRINGER    ;SPRI;;
Financeiro;Outros Títulos;;;;
Financeiro;Outros Títulos;CEPAC - CTBA;CTBA;;
Financeiro;Outros Títulos;CEPAC - MCRJ;MCRJ;;
Financeiro;Outros Títulos;CEPAC - PMSP;PMSP;;
Outros;Outros;;;;
Outros;Outros;524 PARTICIP;QVQP;;
Outros;Outros;ALEF S/A    ;ALEF;;
Outros;Outros;ATOMPAR;ATOM;;
Outros;Outros;BETAPART    ;BETP;;
Outros;Outros;CABINDA PART;CABI;;
Outros;Outros;CACONDE PART;CACO;;
Outros;Outros;CAPITALPART ;CPTP;;
Outros;Outros;CEMEPE      ;MAPT;;
Outros;Outros;CIMS        ;CMSA;;
Outros;Outros;GAMA PART   ;OPGM;;
Outros;Outros;INVEST BEMGE;FIGE;;
Outros;Outros;J B DUARTE  ;JBDU;;
Outros;Outros;LONGDIS     ;SPRT;;
Outros;Outros;MGI PARTICIP;MGIP;;
Outros;Outros;OPPORT ENERG;OPHE;;
Outros;Outros;POLPAR      ;PPAR;;
Outros;Outros;PROMPT PART ;PRPT;;
Outros;Outros;SELECTPART  ;SLCT;;
Outros;Outros;SUDESTE S/A ;OPSE;;
Outros;Outros;SUL 116 PART;OPTS;;
;;;;;
;;;;;
